{
  "arithmetic": {
    "mean_ns": 251867051.1,
    "median_ns": 253190668.5,
    "min_ns": 244613916,
    "max_ns": 255187657,
    "stdev_ns": 3811328.7734953323,
    "iterations": 10,
    "num_parses": 400
  },
  "json_grammar": {
    "mean_ns": 162460485.2,
    "median_ns": 156797939.0,
    "min_ns": 155437369,
    "max_ns": 185937925,
    "stdev_ns": 10742804.586900758,
    "iterations": 10,
    "num_parses": 400
  },
  "config_file": {
    "mean_ns": 55464358.7,
    "median_ns": 52040487.5,
    "min_ns": 50846389,
    "max_ns": 80637167,
    "stdev_ns": 9119848.16282982,
    "iterations": 10,
    "num_parses": 100
  },
  "simple_literal": {
    "mean_ns": 41257288.2,
    "median_ns": 41235791.5,
    "min_ns": 40624183,
    "max_ns": 41724905,
    "stdev_ns": 339316.86141841585,
    "iterations": 10,
    "num_parses": 10000
  },
  "word_match": {
    "mean_ns": 52048828.8,
    "median_ns": 51962427.0,
    "min_ns": 51738291,
    "max_ns": 52971271,
    "stdev_ns": 353202.2228833411,
    "iterations": 10,
    "num_parses": 10000
  },
  "regex_match": {
    "mean_ns": 55420420.7,
    "median_ns": 55158959.5,
    "min_ns": 54876672,
    "max_ns": 56655305,
    "stdev_ns": 578180.6845672707,
    "iterations": 10,
    "num_parses": 9000
  }
}