{
  "literal_single": {
    "speedup": 18.479972189531516,
    "target_met": false
  },
  "literal_batch": {
    "speedup": 9.977338924428274,
    "target_met": false
  },
  "word_single": {
    "speedup": 23.15378910387081,
    "target_met": false
  },
  "word_batch": {
    "speedup": 12.931204197227933,
    "target_met": false
  },
  "regex_match": {
    "speedup": 24.54528486531154,
    "target_met": false
  }
}